[
    {"name":"自由职业", "desc":"Free Man", "date":"2010-01-01"},
    {"name":"工程师", "desc":"干大事的", "date":"2010-01-02"},
    {"name":"教师", "desc":"传道授业解惑", "date":"2010-01-03"},
    {"name":"医生", "desc":"救死扶伤", "date":"2010-01-04"},
    {"name":"程序猿", "desc":"苦逼的码农", "date":"2010-01-05"},
    {"name":"当官的", "desc":"与人斗其乐无穷", "date":"2010-01-06"},
    {"name":"路人甲", "desc":"打酱油路过", "date":"2010-01-07"}
]